{
  "a tall white building sitting on the side of a road": 0.4796477299824433,
  "a hyperrealistic painting": 0.4584476610568686,
  "by Karel Dujardin": 0.6332683158174764,
  "photorealism": 0.39082122998166946,
  "in karuizawa": 0.37074287003766415,
  "sean yoro": 0.3402447870350218,
  "finland": 0.6469900604324001,
  "military outpost": 0.4806628849953555,
  "4k": 0.39720457816827237,
  "8k": 0.7183200876070569,
  "high resolution": 0.7130423648777261,
  "keyshot render": 0.6616982214485158,
  "trending on art station": 0.4558608185668368
}